<?xml version="1.0" encoding="UTF-8"?>
<beans xmlns="http://www.springframework.org/schema/beans"
	xmlns:xsi="http://www.w3.org/2001/XMLSchema-instance" xmlns:p="http://www.springframework.org/schema/p"
	xmlns:context="http://www.springframework.org/schema/context"
	xmlns:mvc="http://www.springframework.org/schema/mvc" xmlns:dubbo="http://code.alibabatech.com/schema/dubbo"
	xsi:schemaLocation="http://www.springframework.org/schema/beans http://www.springframework.org/schema/beans/spring-beans.xsd
		http://code.alibabatech.com/schema/dubbo http://code.alibabatech.com/schema/dubbo/dubbo.xsd
        http://www.springframework.org/schema/mvc http://www.springframework.org/schema/mvc/spring-mvc-4.0.xsd
        http://www.springframework.org/schema/context http://www.springframework.org/schema/context/spring-context.xsd">

	<!-- 配置controller扫描 -->
	<context:component-scan base-package="com.taotao.item.controller" />

	<!-- 配置注解驱动 -->
	<mvc:annotation-driven />


	<!-- 配置dubbo服务 -->
	<dubbo:application name="taotao-item-web" />

	<!-- 使用zookeeper -->
	<dubbo:registry protocol="zookeeper" address="127.0.0.1:2181" />

	<!-- 声明要调用的服务，timeout是设置连接超时最长时间,如果不设置，默认一秒超时，重试3次 -->

	<dubbo:reference interface="com.taotao.manager.service.ItemService"
					 id="itemService" timeout="1000000" />


	<dubbo:reference interface="com.taotao.manager.service.ItemDescService"
					 id="itemDescService" timeout="1000000" />

	<!-- 配置视图解析器 ,配置前缀和后缀 -->
	<bean
		class="org.springframework.web.servlet.view.InternalResourceViewResolver">
		<property name="prefix" value="/WEB-INF/views/" />
		<property name="suffix" value=".jsp" />
	</bean>
	<!-- 配置上传解析器 -->
	<!-- 必须要有id，而且名字是接口的名子，首字母小写 -->
	<bean id="multipartResolver"
		  class="org.springframework.web.multipart.commons.CommonsMultipartResolver">
		<!-- 配置文件的最大上传大小，设置为1M -->
		<property name="maxUploadSize" value="1000000" />
	</bean>
</beans>
