<?xml version="1.0" encoding="UTF-8"?>
<beans xmlns="http://www.springframework.org/schema/beans"
       xmlns:xsi="http://www.w3.org/2001/XMLSchema-instance"
       xmlns:context="http://www.springframework.org/schema/context"
       xmlns:dubbo="http://code.alibabatech.com/schema/dubbo"
       xsi:schemaLocation="http://www.springframework.org/schema/beans http://www.springframework.org/schema/beans/spring-beans.xsd
		http://code.alibabatech.com/schema/dubbo http://code.alibabatech.com/schema/dubbo/dubbo.xsd

        http://www.springframework.org/schema/context http://www.springframework.org/schema/context/spring-context.xsd">
    <!-- 配置service扫描 -->
    <context:component-scan base-package="com.taotao.manager.service" />

    <!-- 当前应用名称，用于注册中心计算应用间依赖关系，注意：消费者和提供者应用名不要一样 -->
    <dubbo:application name="taotao-manager-provider" />
    <!-- 使用zookeeper作为注册中心 -->
    <dubbo:registry protocol="zookeeper" address="127.0.0.1:2181" />

    <!-- 用dubbo协议在20880端口暴露服务 -->
    <dubbo:protocol name="dubbo" port="20880" />

    <!-- 声明需要暴露的服务接口 -->
    <dubbo:service interface="com.taotao.manager.service.TestService"
                   ref="testServiceImpl" />

    <dubbo:service interface="com.taotao.manager.service.ItemCatService"
                   ref="itemCatServiceImpl" />

    <dubbo:service interface="com.taotao.manager.service.ItemService"
                   ref="itemServiceImpl" />

    <dubbo:service interface="com.taotao.manager.service.ItemDescService"
                   ref="itemDescServiceImpl" />



</beans>